Name,SV_2025,SV_2024,ERA,xERA,xwOBA,Closer_Score,Tipo,breakout_score
Tanner Scott,23.0,22.0,1.35,2.36,0.249,9,Élite 2025 (23 SV) | Historial 2024 (22 SV) | ERA élite 1.35 | xERA élite 2.36,13.515999999999988
Robert Suarez,40.0,36.0,0.0,2.93,0.276,9,Élite 2025 (40 SV) | Historial 2024 (36 SV) | ERA élite 0.00 | xERA élite 2.93,-2.286999999999999
Kyle Finnegan,24.0,38.0,0.0,3.18,0.287,7,Élite 2025 (24 SV) | Historial 2024 (38 SV) | ERA élite 0.00,13.389000000000006
Jose A. Ferrer,11.0,1.0,2.57,1.57,0.201,6,Historial 2025 (11 SV) | ERA élite 2.57 | xERA élite 1.57,26.543
Camilo Doval,16.0,23.0,6.0,2.51,0.256,6,Historial 2025 (16 SV) | Historial 2024 (23 SV) | xERA élite 2.51,13.36100000000001
Craig Kimbrel,0.0,23.0,0.0,5.36,0.363,4,Historial 2024 (23 SV) | ERA élite 0.00,-84.8
Victor Vodnik,10.0,9.0,2.57,4.57,0.339,4,Historial 2025 (10 SV) | ERA élite 2.57,-13.215
Will Vest,23.0,2.0,7.94,3.86,0.314,3,Élite 2025 (23 SV),18.945000000000007
Calvin Faucher,15.0,6.0,6.23,5.12,0.356,2,Historial 2025 (15 SV),-4.927999999999995
