Name,SV_2025,SV_2024,ERA,xERA,xwOBA,Closer_Score,Tipo,breakout_score
Tanner Scott,23.0,22.0,1.93,2.4,0.247,9,Élite 2025 (23 SV) | Historial 2024 (22 SV) | ERA élite 1.93 | xERA élite 2.40,13.85699999999999
Kyle Finnegan,24.0,38.0,0.0,2.48,0.251,9,Élite 2025 (24 SV) | Historial 2024 (38 SV) | ERA élite 0.00 | xERA élite 2.48,14.192999999999998
Robert Suarez,40.0,36.0,0.0,3.51,0.297,7,Élite 2025 (40 SV) | Historial 2024 (36 SV) | ERA élite 0.00,-2.453999999999993
Calvin Faucher,15.0,6.0,0.0,2.4,0.247,6,Historial 2025 (15 SV) | ERA élite 0.00 | xERA élite 2.40,-5.643000000000003
Camilo Doval,16.0,23.0,10.8,3.9,0.312,4,Historial 2025 (16 SV) | Historial 2024 (23 SV),13.32400000000001
Jose A. Ferrer,11.0,1.0,4.5,2.03,0.227,4,Historial 2025 (11 SV) | xERA élite 2.03,26.551000000000013
Will Vest,23.0,2.0,6.75,4.18,0.322,3,Élite 2025 (23 SV),18.212999999999987
Victor Vodnik,10.0,9.0,4.5,4.3,0.326,2,Historial 2025 (10 SV),-12.424000000000015
