Name,SV_2025,SV_2024,ERA,xERA,xwOBA,Closer_Score,Tipo,breakout_score
Tanner Scott,23.0,22.0,1.17,2.73,0.265,9,Élite 2025 (23 SV) | Historial 2024 (22 SV) | ERA élite 1.17 | xERA élite 2.73,13.203999999999995
Robert Suarez,40.0,36.0,0.0,2.97,0.276,9,Élite 2025 (40 SV) | Historial 2024 (36 SV) | ERA élite 0.00 | xERA élite 2.97,-2.301999999999998
Kyle Finnegan,24.0,38.0,0.0,3.22,0.287,7,Élite 2025 (24 SV) | Historial 2024 (38 SV) | ERA élite 0.00,13.374000000000008
Jose A. Ferrer,11.0,1.0,2.57,1.59,0.201,6,Historial 2025 (11 SV) | ERA élite 2.57 | xERA élite 1.59,26.527999999999995
Camilo Doval,16.0,23.0,7.36,3.49,0.298,4,Historial 2025 (16 SV) | Historial 2024 (23 SV),13.687000000000008
Craig Kimbrel,0.0,23.0,0.0,6.49,0.391,4,Historial 2024 (23 SV) | ERA élite 0.00,-103.35
Victor Vodnik,10.0,9.0,2.57,4.63,0.339,4,Historial 2025 (10 SV) | ERA élite 2.57,-13.244999999999996
Will Vest,23.0,2.0,7.94,3.91,0.314,3,Élite 2025 (23 SV),18.915000000000013
Calvin Faucher,15.0,6.0,5.4,5.68,0.37,2,Historial 2025 (15 SV),-5.406000000000009
