Name,SV_2025,SV_2024,ERA,xERA,xwOBA,Closer_Score,Tipo,breakout_score
Kyle Finnegan,24.0,38.0,0.0,2.48,0.249,9,Élite 2025 (24 SV) | Historial 2024 (38 SV) | ERA élite 0.00 | xERA élite 2.48,14.192999999999998
Tanner Scott,23.0,22.0,3.38,2.5,0.25,8,Élite 2025 (23 SV) | Historial 2024 (22 SV) | xERA élite 2.50,14.17399999999999
Robert Suarez,40.0,36.0,0.0,5.37,0.357,7,Élite 2025 (40 SV) | Historial 2024 (36 SV) | ERA élite 0.00,-2.8989999999999885
Jose A. Ferrer,11.0,1.0,0.0,1.73,0.207,6,Historial 2025 (11 SV) | ERA élite 0.00 | xERA élite 1.73,25.449
Calvin Faucher,15.0,6.0,0.0,1.62,0.2,6,Historial 2025 (15 SV) | ERA élite 0.00 | xERA élite 1.62,-5.214000000000012
Camilo Doval,16.0,23.0,6.0,3.96,0.312,4,Historial 2025 (16 SV) | Historial 2024 (23 SV),12.173000000000002
Will Vest,23.0,2.0,9.0,4.25,0.322,3,Élite 2025 (23 SV),18.472
Victor Vodnik,10.0,9.0,9.0,7.11,0.401,2,Historial 2025 (10 SV),-12.473000000000017
