Name,SV_2025,SV_2024,ERA,xERA,xwOBA,Closer_Score,Tipo,breakout_score
Kyle Finnegan,24.0,38.0,0.0,1.16,0.165,9,Élite 2025 (24 SV) | Historial 2024 (38 SV) | ERA élite 0.00 | xERA élite 1.16,14.980999999999993
Tanner Scott,23.0,22.0,0.0,0.82,0.136,9,Élite 2025 (23 SV) | Historial 2024 (22 SV) | ERA élite 0.00 | xERA élite 0.82,14.051000000000004
Camilo Doval,16.0,23.0,0.0,0.58,0.111,8,Historial 2025 (16 SV) | Historial 2024 (23 SV) | ERA élite 0.00 | xERA élite 0.58,12.007000000000009
Will Vest,23.0,2.0,0.0,1.12,0.162,7,Élite 2025 (23 SV) | ERA élite 0.00 | xERA élite 1.12,17.315000000000005
Calvin Faucher,15.0,6.0,0.0,2.38,0.242,6,Historial 2025 (15 SV) | ERA élite 0.00 | xERA élite 2.38,-5.136000000000009
Jose A. Ferrer,11.0,1.0,99.0,99.0,0.4,2,Historial 2025 (11 SV),25.75000000000002
Victor Vodnik,10.0,9.0,18.0,28.2,0.624,2,Historial 2025 (10 SV),-13.794999999999996
