Name,SV_2025,SV_2024,ERA,xERA,xwOBA,Closer_Score,Tipo,breakout_score
Tanner Scott,23.0,22.0,1.35,2.34,0.249,9,Élite 2025 (23 SV) | Historial 2024 (22 SV) | ERA élite 1.35 | xERA élite 2.34,13.515999999999988
Robert Suarez,40.0,36.0,0.0,2.9,0.276,9,Élite 2025 (40 SV) | Historial 2024 (36 SV) | ERA élite 0.00 | xERA élite 2.90,-2.272
Kyle Finnegan,24.0,38.0,0.0,3.41,0.298,7,Élite 2025 (24 SV) | Historial 2024 (38 SV) | ERA élite 0.00,13.346
Camilo Doval,16.0,23.0,7.2,2.59,0.261,6,Historial 2025 (16 SV) | Historial 2024 (23 SV) | xERA élite 2.59,13.56
Jose A. Ferrer,11.0,1.0,3.0,1.77,0.215,5,Historial 2025 (11 SV) | xERA élite 1.77,26.508000000000006
Craig Kimbrel,0.0,23.0,0.0,5.31,0.363,4,Historial 2024 (23 SV) | ERA élite 0.00,-84.04999999999998
Will Vest,23.0,2.0,7.94,3.82,0.314,3,Élite 2025 (23 SV),18.960000000000008
Victor Vodnik,10.0,9.0,3.0,4.69,0.344,3,Historial 2025 (10 SV),-12.989999999999997
Calvin Faucher,15.0,6.0,6.23,5.07,0.356,2,Historial 2025 (15 SV),-4.912999999999991
