Name,SV_2025,SV_2024,ERA,xERA,xwOBA,Closer_Score,Tipo,breakout_score
Tanner Scott,23.0,22.0,1.93,2.34,0.247,9,Élite 2025 (23 SV) | Historial 2024 (22 SV) | ERA élite 1.93 | xERA élite 2.34,13.871999999999996
Robert Suarez,40.0,36.0,0.0,2.93,0.276,9,Élite 2025 (40 SV) | Historial 2024 (36 SV) | ERA élite 0.00 | xERA élite 2.93,-2.286999999999999
Kyle Finnegan,24.0,38.0,0.0,3.04,0.281,7,Élite 2025 (24 SV) | Historial 2024 (38 SV) | ERA élite 0.00,13.769000000000007
Camilo Doval,16.0,23.0,8.31,2.9,0.275,6,Historial 2025 (16 SV) | Historial 2024 (23 SV) | xERA élite 2.90,13.37
Jose A. Ferrer,11.0,1.0,3.6,2.24,0.242,4,Historial 2025 (11 SV) | xERA élite 2.24,26.35900000000001
Will Vest,23.0,2.0,7.94,3.85,0.314,3,Élite 2025 (23 SV),18.945000000000007
Victor Vodnik,10.0,9.0,3.0,4.72,0.344,3,Historial 2025 (10 SV),-13.005
Calvin Faucher,15.0,6.0,6.23,5.11,0.356,2,Historial 2025 (15 SV),-4.912999999999991
