Name,SV_2025,SV_2024,ERA,xERA,xwOBA,Closer_Score,Tipo,breakout_score
Kyle Finnegan,24.0,38.0,0.0,2.35,0.242,9,Élite 2025 (24 SV) | Historial 2024 (38 SV) | ERA élite 0.00 | xERA élite 2.35,14.508999999999997
Tanner Scott,23.0,22.0,3.38,2.13,0.23,8,Élite 2025 (23 SV) | Historial 2024 (22 SV) | xERA élite 2.13,14.296000000000008
Jose A. Ferrer,11.0,1.0,0.0,1.74,0.207,6,Historial 2025 (11 SV) | ERA élite 0.00 | xERA élite 1.74,25.449
Calvin Faucher,15.0,6.0,0.0,1.61,0.199,6,Historial 2025 (15 SV) | ERA élite 0.00 | xERA élite 1.61,-5.176000000000001
Camilo Doval,16.0,23.0,6.0,2.91,0.269,6,Historial 2025 (16 SV) | Historial 2024 (23 SV) | xERA élite 2.91,12.517000000000015
Will Vest,23.0,2.0,13.5,6.58,0.388,3,Élite 2025 (23 SV),18.276000000000007
Victor Vodnik,10.0,9.0,9.0,11.22,0.475,2,Historial 2025 (10 SV),-13.239999999999998
