Name,SV_2025,SV_2024,ERA,xERA,xwOBA,Closer_Score,Tipo,breakout_score
Tanner Scott,23.0,22.0,1.93,2.39,0.247,9,Élite 2025 (23 SV) | Historial 2024 (22 SV) | ERA élite 1.93 | xERA élite 2.39,13.85699999999999
Robert Suarez,40.0,36.0,0.0,2.99,0.276,9,Élite 2025 (40 SV) | Historial 2024 (36 SV) | ERA élite 0.00 | xERA élite 2.99,-2.317000000000002
Kyle Finnegan,24.0,38.0,0.0,3.08,0.28,7,Élite 2025 (24 SV) | Historial 2024 (38 SV) | ERA élite 0.00,13.769000000000007
Camilo Doval,16.0,23.0,8.31,2.97,0.275,6,Historial 2025 (16 SV) | Historial 2024 (23 SV) | xERA élite 2.97,13.355000000000002
Jose A. Ferrer,11.0,1.0,3.6,2.29,0.242,4,Historial 2025 (11 SV) | xERA élite 2.29,26.34400000000001
Will Vest,23.0,2.0,5.4,3.52,0.298,3,Élite 2025 (23 SV),18.1
Calvin Faucher,15.0,6.0,6.23,5.19,0.355,2,Historial 2025 (15 SV),-4.942999999999988
Victor Vodnik,10.0,9.0,4.5,4.28,0.326,2,Historial 2025 (10 SV),-12.424000000000015
