Name,SV_2025,SV_2024,ERA,xERA,xwOBA,Closer_Score,Tipo,breakout_score
Kyle Finnegan,24.0,38.0,0.0,2.39,0.243,9,Élite 2025 (24 SV) | Historial 2024 (38 SV) | ERA élite 0.00 | xERA élite 2.39,14.634999999999987
Tanner Scott,23.0,22.0,0.0,2.15,0.23,9,Élite 2025 (23 SV) | Historial 2024 (22 SV) | ERA élite 0.00 | xERA élite 2.15,13.735000000000024
Camilo Doval,16.0,23.0,0.0,2.94,0.269,8,Historial 2025 (16 SV) | Historial 2024 (23 SV) | ERA élite 0.00 | xERA élite 2.94,11.342999999999993
Calvin Faucher,15.0,6.0,0.0,1.63,0.199,6,Historial 2025 (15 SV) | ERA élite 0.00 | xERA élite 1.63,-5.176000000000001
Jose A. Ferrer,11.0,1.0,0.0,1.76,0.207,6,Historial 2025 (11 SV) | ERA élite 0.00 | xERA élite 1.76,25.556999999999995
Will Vest,23.0,2.0,13.5,6.69,0.389,3,Élite 2025 (23 SV),18.26100000000001
Victor Vodnik,10.0,9.0,18.0,11.33,0.475,2,Historial 2025 (10 SV),-12.36099999999999
